tx_hash,timestamp,selector,target,subkey,arg1,arg2,tx_gas_price,receipt_status,gas_used,effective_gas_price,fee_wei
0xfa75d45f06248c5cfa136283898f356be265c7c356e8c40356b2eba4bee6a7be,1766292839,0x04117561,0x00bac667a4ccf9089ab1db978238c555c4349545,,509584791688748974,,22633282,1,1098146,22633282,24854648095172
0x0d7347ecf23b9a006486eed9dbbea425745c1d38bae8ee2b9fbe7f46e566d1ec,1766681327,0x04117561,0x00bac667a4ccf9089ab1db978238c555c4349545,,619663115079336421,,25412237,1,1175401,25412237,29869568782037
0x7e0cdbd68a651f251eb95be64f65f1da4f2c36c518525fa6521b7e729d3ae268,1766451935,0x04117561,0x00bac667a4ccf9089ab1db978238c555c4349545,,677228490552518184,,26249507,1,1219217,26249507,32003845176019
0x0747828b3012037cb31ada9b4ef55375697d5a98947f2de751eda7997aed4ca3,1766558663,0x04117561,0x00bac667a4ccf9089ab1db978238c555c4349545,,615165023248919974,,27454300,1,1085095,27454300,29790523658500
0xa70c01e388ee0a7c2fd2b779e98bfd4dbfa017edd0b5e9b28d38854d80e9589f,1766466347,0x04117561,0x00bac667a4ccf9089ab1db978238c555c4349545,,816302314508831438,,29911712,1,1285500,29911712,38451505776000
0x7baf13f02a3104007f975d97cc19684f102992e0a10aec60c985c4217d29697a,1766310155,0x04117561,0x00bac667a4ccf9089ab1db978238c555c4349545,,791695020179280913,,36409251,1,1068060,36409251,38887264623060
0xbe02c87e360db2209a2c103bb18444c2da4923839884557178ebe30b708e409a,1766757119,0x04117561,0x00bac667a4ccf9089ab1db978238c555c4349545,,6144180637357028150,,254803169,1,1153361,254803169,293880037801009
0x8c8554c4f51e798e40e8a0b0fdcfca69cb20d9e2feeb2fc6f8830bce9f70f331,1766225807,0x04117561,0x00bac667a4ccf9089ab1db978238c555c4349545,,573680724328017354,,25100258,1,1174491,25100258,29480027118678
0x564143ba2fc33b7cf42a0a60876d6f28e389664849fcbfdbea02958948705304,1766396255,0x04117561,0x00bac667a4ccf9089ab1db978238c555c4349545,,643541199563479067,,26558374,1,1150512,26558374,30555727987488
0xe25f7305adcc12b7df7af7ef1d5e9407f0896b6bde989269258fcf041af240ec,1766614151,0x04117561,0x00bac667a4ccf9089ab1db978238c555c4349545,,681087801050590593,,30529154,1,1086378,30529154,33166201264212
0xc8d203e8ba518c1733f1e3392f8408c776a739f18077e4a9957267774b90ea1e,1766294543,0x04117561,0xdec800c2b17c9673570fdf54450dc1bd79c8e359,,6537964119383339375,,23684556,1,1726909,23684556,40901072917404
0xb8aa1aa1058ae78ec4854576fdbf74dae8cd383947cdc6fd99c2a9fde75dcbc1,1766228411,0x04117561,0xdec800c2b17c9673570fdf54450dc1bd79c8e359,,6589190062911721257,,25066914,1,1734791,25066914,43485856804974
0x751024f6de7af63d16629519c44d3bf0a8e0c25cb6c0238b08a48611839bfe80,1766264339,0x04117561,0xdec800c2b17c9673570fdf54450dc1bd79c8e359,,7306392402175811640,,26242082,1,1712500,26242082,44939565425000
0xc291416b56937742f7a62856704e8ace2ec75959042b28e35f12e86d3e495c3b,1766580047,0x04117561,0xdec800c2b17c9673570fdf54450dc1bd79c8e359,,7275281631940231220,,27253354,1,1718825,27253354,46843746189050
0x1db4abf57a14e7915199c5e95121fa9667fe382a058ef1017bf902f57aa38733,1766609099,0x04117561,0xdec800c2b17c9673570fdf54450dc1bd79c8e359,,7977591157336183453,,30572442,1,1687383,30572442,51587418899286
0x76f8bfe7c801635fbc20bdbe8ee9cfe4c4198eab48398fb769a9b2120556e914,1766322863,0x04117561,0xdec800c2b17c9673570fdf54450dc1bd79c8e359,,9895463231910035609,,35524588,1,1720943,35524588,61135791046484
0x0a3a217f957e7ac00c7db7feeaec1e4134176ffa51dcb50750f02b2466d17df8,1766757119,0x04117561,0xdec800c2b17c9673570fdf54450dc1bd79c8e359,,53647841896349611744,,199621896,1,1816949,199621896,362702804315304
0x608b47a636c8d55fe5e6cc97adccc06b81557a1daa596d43a1fb99082752a1f4,1766225147,0x04117561,0xdec800c2b17c9673570fdf54450dc1bd79c8e359,,6688597672135065349,,25690523,1,1725914,25690523,44339633313022
0x6100cc4bb08148011fab100c27802a7224ed5c2645e4f96dc17f4b289f05b117,1766424491,0x04117561,0xdec800c2b17c9673570fdf54450dc1bd79c8e359,,9099597317701189843,,32349689,1,1791444,32349689,57952656260916
0x9b4fc948bae0fbf491ba8d06cc0964f0534d60145d3e2ac0e19e0d1fe07d980b,1766628419,0x04117561,0xdec800c2b17c9673570fdf54450dc1bd79c8e359,,6867467245501084833,,26045782,1,1703506,26045782,44369145911692
0x0c226c5104c7d8f6e8d9ec3cfda2597dca45fcee5d7e77cbd10315a6edf7fbaf,1766296619,0x04117561,0x2b95a1dcc3d405535f9ed33c219ab38e8d7e0884,,48088485458263834446,,22707482,1,1160210,22707482,26345447691220
0xcfcd71fbeac5b84ab41b8efda2daedde3d49d0ef5585ecc5aa0cd8bf72c47365,1766814335,0x04117561,0x2b95a1dcc3d405535f9ed33c219ab38e8d7e0884,,50521672027200236815,,24925776,1,1151078,24925776,28691512386528
0x50bf2459554607238366de50b335b4c2fd39acd2216dc48a65961d7717c8cf90,1766780231,0x04117561,0x2b95a1dcc3d405535f9ed33c219ab38e8d7e0884,,55483865533064029785,,26201298,1,1213983,26201298,31807930349934
0x508c23a2180e8ad6bc8bcf1541f1539de2337a42e84a2fc0308b559567ede7e0,1766467475,0x04117561,0x2b95a1dcc3d405535f9ed33c219ab38e8d7e0884,,57747753876914207921,,27364240,1,1241604,27364240,33975549840960
0xae53d955b23d836186127bc1d4e56fb209729bd30562ed996afd8fbf9cf3d791,1766731691,0x04117561,0x2b95a1dcc3d405535f9ed33c219ab38e8d7e0884,,61956662201471891702,,30085206,1,1234881,30085206,37151649270486
0xe042bf6b47da2f288e7a537c0b88988ff561f310aa98201d6b8c9af5e1e38d3f,1766564471,0x04117561,0x2b95a1dcc3d405535f9ed33c219ab38e8d7e0884,,67883716976972728569,,35076527,1,1133628,35076527,39763733149956
0x050554c67ab9f2055d2db94109dad5ce097773c85c7b60964bbc177f5c4cf9f3,1766757119,0x04117561,0x2b95a1dcc3d405535f9ed33c219ab38e8d7e0884,,363883964637798252229,,175833876,1,1238793,175833876,217821774751668
0x218c6a7ad4fcb7f749cac22ae31b3d0aac497e0d82eddff1b6af593441927f65,1766225999,0x04117561,0x2b95a1dcc3d405535f9ed33c219ab38e8d7e0884,,50920484216295110027,,25715589,1,1146622,25715589,29486060090358
0xbbcbb6378d8864a8c6d719bf93ed57cfeacfd83565df72df19632ec38037acd1,1766404991,0x04117561,0x2b95a1dcc3d405535f9ed33c219ab38e8d7e0884,,60600648524647272064,,28137151,1,1221475,28137151,34368826517725
0x01d64a99178534b6f61423cab5b7da459ba8202c5a77ea73f80095af299400e6,1766622467,0x04117561,0x2b95a1dcc3d405535f9ed33c219ab38e8d7e0884,,58000583745131264542,,30306425,1,1140418,30306425,34561992585650
0x6ed430dafe18ac4d2b0167566dad6a41b6f65cd2c9a3bf746c4cb24da51181ea,1766227739,0x04117561,0xb0903ab70a7467ee5756074b31ac88aebb8fb777,,2676068982757145705,,23284797,1,758644,23284797,17664871535268
0xf1889a17ebad73b2a38ea472c685d2da390dab8107fa5ea8eed754d008ab75de,1766690279,0x04117561,0xb0903ab70a7467ee5756074b31ac88aebb8fb777,,3111200105717115201,,24837594,1,853406,24837594,21196551745164
0x53373ccf39547a8ed91c05b9d063a6aa89379171e89ab073a5329ddd90cf1066,1766535395,0x04117561,0xb0903ab70a7467ee5756074b31ac88aebb8fb777,,3387355090985502624,,26212283,1,854262,26212283,22392157300146
0xdf050690d387bc9563f6f5e4d38896946b74de8ba8fdd6f03c18a42f1f4cb126,1766627615,0x04117561,0xb0903ab70a7467ee5756074b31ac88aebb8fb777,,3225919083699988483,,27175392,1,766589,27175392,20832356577888
0x6b423ae8355a601d8f79eb2d953139db16c84182a7e3227ce0380908a2fca0fe,1766427875,0x04117561,0xb0903ab70a7467ee5756074b31ac88aebb8fb777,,3893270510406860406,,30065766,1,846525,30065766,25451422563150
0xce4bb65e851bcd6d6d0cad60bebd61bc1928516ed5b37e2d4bd5164cc70faa4f,1766674487,0x04117561,0xb0903ab70a7467ee5756074b31ac88aebb8fb777,,4562026833588588920,,35795808,1,867838,35795808,31064962423104
0x2b01e130e1417a6b01454a09f1f52cb4afbc06842d73fd4ff2737c07975becd9,1766757119,0x04117561,0xb0903ab70a7467ee5756074b31ac88aebb8fb777,,13851155694457742432,,109044825,1,842862,109044825,91909739289150
0x6b5a9c2b8c2f06f501c5bcfd192ed356d88af8adfd030db1b5307ba9af327744,1766400335,0x04117561,0xb0903ab70a7467ee5756074b31ac88aebb8fb777,,3317255028409479568,,27207695,1,752764,27207695,20480973318980
0xd0fc7a83c2792bebae211132b999046123263ba006b9c9257b37804d97d38ae6,1766617991,0x04117561,0xb0903ab70a7467ee5756074b31ac88aebb8fb777,,3109095221256413720,,27169778,1,742401,27169778,20170870356978
0x87172840f54994580b9fe527ee73b569b973519a58189da1b02afaec23c8c239,1766292731,0x04117561,0x43e54c2e7b3e294de3a155785f52ab49d87b9922,,694135935372936778998,,23192327,1,1232448,23192327,28583337026496
0xcff70e48303665ee8a1e701685be2b8dbcfe14a557bb00398c93211138fb891d,1766692523,0x04117561,0x43e54c2e7b3e294de3a155785f52ab49d87b9922,,693361409346837940580,,24859029,1,1228269,24859029,30533574690801
0xb928f136dfd3aebec2b81a4384edba2d3e3f09257bbf3f640271f278dc9ebb29,1766551703,0x04117561,0x43e54c2e7b3e294de3a155785f52ab49d87b9922,,780988221639278804516,,26086994,1,1232317,26086994,32147446185098
0xe250661cace5f0b049324bec736ce630779f692fbbb3dbe8733b1f7560d3c47c,1766784467,0x04117561,0x43e54c2e7b3e294de3a155785f52ab49d87b9922,,757499262199872905533,,27224566,1,1223878,27224566,33319547386948
0x2242c813bd6e8e9694057a735e3852e449a9f7730326bfd607587687000834d8,1766681135,0x04117561,0x43e54c2e7b3e294de3a155785f52ab49d87b9922,,835195270731415221201,,29723025,1,1230589,29723025,36576827611725
0x407b1e76f6df83b882f65c7a35a058a9e44c8d19acad6576aa96156eb30b52a2,1766717411,0x04117561,0x43e54c2e7b3e294de3a155785f52ab49d87b9922,,992643788409928600787,,35821445,1,1230573,35821445,44080903037985
0xdcd62f648b795912e00253b670f884c0d98d6e62c5711043ba5034e4646828e0,1766757119,0x04117561,0x43e54c2e7b3e294de3a155785f52ab49d87b9922,,3368401386685722411861,,119267867,1,1223656,119267867,145942841061752
0x89cab88cf152242ca37616cc749c14b1725665708e2121d2608842d9bfa8a283,1766225807,0x04117561,0x43e54c2e7b3e294de3a155785f52ab49d87b9922,,706359336697935056228,,25903554,1,1223979,25903554,31705406121366
0x79ae1ed1bfa90b625d9a78fd213346d5431893b41ade68a99120d5ba71764ad5,1766435651,0x04117561,0x43e54c2e7b3e294de3a155785f52ab49d87b9922,,814257859651137856181,,28304469,1,1228368,28304469,34768303976592
0x98605815564c604c29a6854bcbf2da1cbf18c358079b9d8dd86bd08ea51f0969,1766637095,0x04117561,0x43e54c2e7b3e294de3a155785f52ab49d87b9922,,733157109694711354165,,24960713,1,1237548,24960713,30890080451724
0x1c865eaa12c6a5893e6f534c6dff555b4af4a92d582c62608deac03e3294b2e0,1766295755,0x04117561,0x606462126e4bd5c4d153fe09967e4c46c9c7fecf,,60832615824538843651,,23728012,1,879964,23728012,20879796351568
0xac8221fe2b2adc70eba70f5384b2c95659c4cc666567351276aad13660eb7b44,1766225999,0x04117561,0x606462126e4bd5c4d153fe09967e4c46c9c7fecf,,58100597509101646640,,24406978,1,879912,24406978,21475992825936
0x968c12c1b55a1fb96ffe3b8d5039fdc7bdc0e907788318e3e7faadd88f69a0ec,1766378927,0x04117561,0x606462126e4bd5c4d153fe09967e4c46c9c7fecf,,67624255332839911358,,25475705,1,879843,25475705,22414620714315
0x55e1bfcf8bcb509c7f736c4ff9a304ef58a035a0bddcf82c98b9b822e7bd7423,1766530451,0x04117561,0x606462126e4bd5c4d153fe09967e4c46c9c7fecf,,73881831085182740186,,26474224,1,853954,26474224,22607769481696
0x488bb415ba40a442c36a346b4cca3fe7432925cfbdfd879f85f1517a2d2616de,1766822603,0x04117561,0x606462126e4bd5c4d153fe09967e4c46c9c7fecf,,72035886138575788023,,28459857,1,880745,28459857,25065876753465
0x4cd8f7a5bdeaa0c1ef4c2a303e35a687051b958798e46853700606655dee8a21,1766576279,0x04117561,0x606462126e4bd5c4d153fe09967e4c46c9c7fecf,,92334379894695932713,,33149068,1,867588,33149068,28759733607984
0x3fae43d17e0c16a9858a28b98a6988c2e6eb80548d7a28faac789bd8e2d69f00,1766757359,0x04117561,0x606462126e4bd5c4d153fe09967e4c46c9c7fecf,,165702501735552932320,,61589136,1,894340,61589136,55081627890240
0xabb0e5bbf89f6c66cab40fc9d2a09a24b0306c39150a1cb951ccb971bb8e15d7,1766365667,0x04117561,0x606462126e4bd5c4d153fe09967e4c46c9c7fecf,,68884698633438201455,,26300349,1,880660,26300349,23161665350340
0x77e94a30ac5e48466715f20c4b57e094028c522a079ba58ede94ae66792ad8bb,1766562959,0x04117561,0x606462126e4bd5c4d153fe09967e4c46c9c7fecf,,74041773342291690441,,26267608,1,869080,26267608,22828652760640
0x3061a8753960115168e272d342d22e136a69afeb7da9bc6659a12e6c7a30f319,1766288123,0xc7f884c6,0x59866ec5650e9ba00c51f6d681762b48b0ada3de,3,3,19052154894390757428,23036189,1,1221405,23036189,28136516425545
0x2088aa269c11ffef56d4faec8c34c1074b7eff528062b96862b6d31ac38c3080,1766469323,0xc7f884c6,0x59866ec5650e9ba00c51f6d681762b48b0ada3de,3,3,20809460172008263225,24359607,1,1309082,24359607,31888723050774
0xb1452367f9ff25f07aa42a5cd81b3b3e92758d8a2fbb94a293480379f917554f,1766816783,0xc7f884c6,0x59866ec5650e9ba00c51f6d681762b48b0ada3de,3,3,19918179933623323839,25063562,1,1214570,25063562,30441450498340
0xb0935f9825505dfaf4f70f2441fd210a26d92db1ba1f416518b3ce4beda08c24,1766611547,0xc7f884c6,0x59866ec5650e9ba00c51f6d681762b48b0ada3de,3,3,21088680663570043103,26102027,1,1200103,26102027,31325120908781
0x7bfe83f497e299bca02b9aebbc741034d2de9ce14bab5335fc2fc8b135b4abe0,1766439179,0xc7f884c6,0x59866ec5650e9ba00c51f6d681762b48b0ada3de,3,3,23720937201195368412,27467612,1,1303507,27467612,35804224515284
0x9c4370e8b1de756a798a027ac19f805f9d5e3659f0a2961a49e62da0e0d4eb41,1766576687,0xc7f884c6,0x59866ec5650e9ba00c51f6d681762b48b0ada3de,3,3,26359535057951082856,31818333,1,1221192,31818333,38856293712936
0x865c73f78e1cd677019b98a4b7574b5c0f98df771042f2357f637df2efcc0816,1766757431,0xc7f884c6,0x59866ec5650e9ba00c51f6d681762b48b0ada3de,3,3,48086299095351356863,57919534,1,1302812,57919534,75458263929608
0x7a4032bbb51997a1e67d5e66f3c534165094360cbb15312601db44959847b84d,1766225999,0xc7f884c6,0x59866ec5650e9ba00c51f6d681762b48b0ada3de,3,3,18936089054446350296,24981026,1,1199873,24981026,29974058609698
0xd1c78b31c2bb2ef2ef6658197c3470cc7b81f410b96f2d367e0d7a2fa86f5053,1766422175,0xc7f884c6,0x59866ec5650e9ba00c51f6d681762b48b0ada3de,3,3,29572832505517609144,34431608,1,1281223,34431608,44114568096584
0x0ab62809279974320d4ed957f0799109163e8e91438d7dd1897e352940059755,1766625923,0xc7f884c6,0x59866ec5650e9ba00c51f6d681762b48b0ada3de,3,3,21366146053183057613,25855143,1,1237192,25855143,31987776078456
0xda60c69a9caffd5429294d3cf8d3e43074e6483ea3b1fbefa9f697f5b4ff3fbd,1766298587,0x78f26f5b,0x549716f858aeff9cb845d4c78c67a7599b0df240,,8571266696962525,1,23703417,1,2118535,23703417,50216518534095
0x9bbfa56627b10e7f762b1212ce931b621c7354de3b281cbd81fbaffc7b35a49f,1766351231,0x78f26f5b,0x549716f858aeff9cb845d4c78c67a7599b0df240,,8757828358477101,1,24268054,1,2115735,24268054,51344771229690
0x5da35ac3a6b8fd0459251997a3ad2926605fac703ca58b561b8af0e30a28ee21,1766775107,0x78f26f5b,0x549716f858aeff9cb845d4c78c67a7599b0df240,,8980594649203217,1,24847204,1,2101225,24847204,52209566224900
0x9f134b3182bd7da521877bf50cfa0d54a75eb60e325fcccff7d2b49f6577ca7f,1766487479,0x78f26f5b,0x549716f858aeff9cb845d4c78c67a7599b0df240,,9645910832115999,1,26012576,1,2173103,26012576,56528006943328
0x08caef264ca3158f1231eab73d3548060ff375a41b0f130ebabf3205b96d1ad8,1766824307,0x78f26f5b,0x549716f858aeff9cb845d4c78c67a7599b0df240,,9682323403740438,1,27630507,1,2054016,27630507,56753503466112
0xf4bbe94f71c513af35edb6ce5a7c19f312f2da07474af4bd5c46dd147dd5a4dc,1766569679,0x78f26f5b,0x549716f858aeff9cb845d4c78c67a7599b0df240,,11467513093230221,1,32599457,1,2061034,32599457,67188589258538
0xe67c3d96ac967cd64c6ae2f5e003dbc4bcfcb8e9fcc5943b2914bbdd86582fd4,1766759627,0x78f26f5b,0x549716f858aeff9cb845d4c78c67a7599b0df240,,16163513282723356,1,45586699,1,2077312,45586699,94697796873088
0x191dd1f465a3561c564d2eee828f39c46e5a1bf3b4df81b6523b81111309e9d2,1766233631,0x78f26f5b,0x549716f858aeff9cb845d4c78c67a7599b0df240,,8923279002146019,1,24937377,1,2216269,24937377,55267935586413
0xa3c13cde87a09876e5ec93dd2e74f1c3ae19bcea266340454b5f86565f04e230,1766432591,0x78f26f5b,0x549716f858aeff9cb845d4c78c67a7599b0df240,,9965091794542999,1,26051529,1,2241265,26051529,58388380144185
0xd816f17ef8aeecf25133be5a7a6aca14a9400ec6d10cdcb68dcdbbe2bbb70bbf,1766647583,0x78f26f5b,0x549716f858aeff9cb845d4c78c67a7599b0df240,,9591101716264784,1,26616391,1,2112047,26616391,56215068762377
0x98ae7dc0d82ae1bc271ee83b136ac00ed0c6f50dce6bb6885179b65fbcf3f9df,1766352143,0xc7f884c6,0x3cf54f3a1969be9916dad548f3c084331c4450b5,50,50,25755230362157622497,23338845,1,1259636,23338845,29398449360420
0x630e97e0bceec11ba9bee83e566c17a6929afa24fcbe2d6841c7cc1fca9aee34,1766273879,0xc7f884c6,0x3cf54f3a1969be9916dad548f3c084331c4450b5,50,50,26571346389877458647,23868007,1,1287826,23868007,30737839982782
0x68bdb318e9169436a801e43e8bb50eecd17e01bde82b8e60c2fa360be55d32d1,1766699819,0xc7f884c6,0x3cf54f3a1969be9916dad548f3c084331c4450b5,50,50,27463259834156848896,25132234,1,1392716,25132234,35002064407544
0xfdefc4f355e8c1622bd5f6295048c0e4dcf92df9206ec25b37de276d7d9188f9,1766774975,0xc7f884c6,0x3cf54f3a1969be9916dad548f3c084331c4450b5,50,50,29664618741518802393,26167433,1,1365741,26167433,35737936112853
0x846d07db8499ec20a2fcb02894dbecddfd351326ed9e5e42099bb8e178cae576,1766391095,0xc7f884c6,0x3cf54f3a1969be9916dad548f3c084331c4450b5,50,50,29965644332249727613,27337470,1,1100992,27337470,30098335770240
0x89a4f482ca7a882b1371fb71fb7098be687630c174d434b37d4915ee1aa94ba8,1766569679,0xc7f884c6,0x3cf54f3a1969be9916dad548f3c084331c4450b5,50,50,33838916807670290211,31930332,1,1310869,31930332,41856482378508
0x9d33ff663f5228a508ea92357e49ed1fcfd247a468de68998da7995db3c20637,1766757419,0xc7f884c6,0x3cf54f3a1969be9916dad548f3c084331c4450b5,50,50,64351247576324719041,58243382,1,1388233,58243382,80855384924006
0x9ac56c2ebcdea961b6c7bf3b19b262f858e7e46a74a49b30f471f689e7f079e9,1766237759,0xc7f884c6,0x3cf54f3a1969be9916dad548f3c084331c4450b5,50,50,27100104361816158417,25330679,1,1301773,25330679,32974793993867
0x872e6c65bcb01039f1875767739cce1abc746d64ddcfcfa5693411ce59c64cba,1766432591,0xc7f884c6,0x3cf54f3a1969be9916dad548f3c084331c4450b5,50,50,31200632851475040227,27177559,1,1215621,27177559,33037611449139
0xe6b7d40483f8a641bbae93320fbfe631018e4d88b28357b426ad458fe6f0d38a,1766629679,0xc7f884c6,0x3cf54f3a1969be9916dad548f3c084331c4450b5,50,50,25395334641776818286,25618359,1,1106772,25618359,28353682427148
0x91f0b9585244cd50616559706c27cc4ae8aaca6872e99b7af8feb690738a7583,1766282399,0xc7f884c6,0x3cf54f3a1969be9916dad548f3c084331c4450b5,5,5,23930126339398152828,21094322,1,1183488,21094322,24964876955136
0x70c0574a43536a7cf79cff7ad83260080ae8f04af2770f0de7b3c4da3799ce9b,1766814443,0xc7f884c6,0x3cf54f3a1969be9916dad548f3c084331c4450b5,5,5,26004949993381870021,23759004,1,1272992,23759004,30245022019968
0x3c3be1ecf7fd7a10d467c0d4dc713df48735e06d6c67efe6f59487ecd6591b16,1766375255,0xc7f884c6,0x3cf54f3a1969be9916dad548f3c084331c4450b5,5,5,27379337889598378565,24352970,1,1265288,24352970,30813520705360
0x5601901bff596c61e92be9c66396f4c6f026c82de2345e6904e7b5cdb9a24aca,1766713607,0xc7f884c6,0x3cf54f3a1969be9916dad548f3c084331c4450b5,5,5,25785474823112146732,25562197,1,1276029,25562197,32618104675713
0x5845e0f52a44a51cf56411f3969a902bd37d9fdd602a05194da4cd0980c5844a,1766314919,0xc7f884c6,0x3cf54f3a1969be9916dad548f3c084331c4450b5,5,5,29643331087518475309,26985250,1,1240748,26985250,33481894967000
0x89c2842ba21e37d4d36820b85a4dc95bc62f4b26a15384af1ca3cb80c304f91d,1766576795,0xc7f884c6,0x3cf54f3a1969be9916dad548f3c084331c4450b5,5,5,32339316768365961740,31101618,1,1282853,31101618,39898803956154
0x1333e9364e998378736e223a58c28fc2d2b53d07b1267a00cfc9aad0f891eb4d,1766759747,0xc7f884c6,0x3cf54f3a1969be9916dad548f3c084331c4450b5,5,5,46644572349434129162,43039288,1,1360056,43039288,58535841880128
0xf2b51535097f90b54dd8bc67c70db540d39dcd1a4e1863e5ed8681f314a504ab,1766225999,0xc7f884c6,0x3cf54f3a1969be9916dad548f3c084331c4450b5,5,5,25397682759048943020,23724381,1,1126564,23724381,26727033556884
0xbd4d2bda508244f9bc9e69ad8d6f80588b397dbbcfde1b9441c766c966f5e438,1766408399,0xc7f884c6,0x3cf54f3a1969be9916dad548f3c084331c4450b5,5,5,30170152435705448499,27792863,1,1118196,27792863,31077868235148
0x33c48925c5f5075e10eae299b740acb10d012463b934e75881923f05f475f059,1766602775,0xc7f884c6,0x3cf54f3a1969be9916dad548f3c084331c4450b5,5,5,25066004294043219219,24458746,1,1265411,24458746,30950366234606
0x9bb36ac6f026d7d97a0820eff94a8266bc8bf41fdc1832f883442a2a1910d0ab,1766725211,0xc7f884c6,0x59866ec5650e9ba00c51f6d681762b48b0ada3de,9,9,19199976023744456176,23434799,1,1281967,23434799,30042638969633
0xb1fa8c64801f9d96f0bdd8f2ae84e10256765badd28acc3498d77285473c472a,1766259671,0xc7f884c6,0x59866ec5650e9ba00c51f6d681762b48b0ada3de,9,9,18625609157083370570,23869102,1,1199633,23869102,28634162439566
0x7d617594df3012c1e83ee20e1b70bceb2e19c1b8d83c727c53df0a8113334394,1766623931,0xc7f884c6,0x59866ec5650e9ba00c51f6d681762b48b0ada3de,9,9,20352462956966854110,24940538,1,1218036,24940538,30378473143368
0xdb0ba3fa0e07a7cfb397e4d0cdd4575fd4580a2379801836eec47c25c7fc3609,1766519795,0xc7f884c6,0x59866ec5650e9ba00c51f6d681762b48b0ada3de,9,9,22783471866173020670,25936256,1,1302113,25936256,33771936108928
0x1a4c3d70aa9fc961f19bde8f64c869547703f5c6af2437bb3f9b732b30bec873,1766467247,0xc7f884c6,0x59866ec5650e9ba00c51f6d681762b48b0ada3de,9,9,22553830161208029842,26410477,1,1309223,26410477,34577203929371
0x00fcb0354f6c7170a2d048a56a93e25efee802fb4e18f0b650366b80e34dca7d,1766680031,0xc7f884c6,0x59866ec5650e9ba00c51f6d681762b48b0ada3de,9,9,24115802398288749800,29127508,1,1281917,29127508,37339047672836
0x189601a05abec5fc82c850fa8618311d7b1782172018926d1699fb7a05ec1e86,1766576843,0xc7f884c6,0x59866ec5650e9ba00c51f6d681762b48b0ada3de,9,9,24723677957070771462,29850262,1,1220830,29850262,36442095357460
0x2d8b701707eb3851f76875b25258a5e402254c668ca22cd65c3c9c7bdec1e65a,1766248151,0xc7f884c6,0x3cf54f3a1969be9916dad548f3c084331c4450b5,48,48,25547343483382023177,24174626,1,1286574,24174626,31102445271324
0xf6ff312f9daa1f7009fd8c46882bb759ebb6a906f7242ed8cdd45bcf2bb3769c,1766326787,0xc7f884c6,0x3cf54f3a1969be9916dad548f3c084331c4450b5,48,48,28312812778077865178,25576698,1,1084752,25576698,27744374308896
0x1f6e80fac42655a039dd7ac018dec0a3efb672b6b7a7ca4565e225fc98cc15a1,1766422763,0xc7f884c6,0x3cf54f3a1969be9916dad548f3c084331c4450b5,48,48,30670247783143013994,27184241,1,1360664,27184241,36988618096024
0x5cf8f72f6242eaa3d9aef09a597fd9893c568dede52f459aa7390a58b706b2e7,1766516147,0xc7f884c6,0x3cf54f3a1969be9916dad548f3c084331c4450b5,48,48,33073018476112526827,29967873,1,1339455,29967873,40140617329215
0xf75ce2efb9330f5c502071195947a095404e9610a11afd624969f262488975f8,1766598059,0xc7f884c6,0x3cf54f3a1969be9916dad548f3c084331c4450b5,48,48,28837984688385667936,28801944,1,1262520,28801944,36363030338880
0x764507127ff42459c3374dfc53b039d30f33e0a0c59ceab9f5d9f7bdde4a10a4,1766680031,0xc7f884c6,0x3cf54f3a1969be9916dad548f3c084331c4450b5,48,48,28885644550215025503,27981955,1,1336798,27981955,37406221480090
0x24ee2191f5dfd90f7252a100696f3a4ea6f843d3436a07416aa1dca6ee0c1ae9,1766767331,0xc7f884c6,0x3cf54f3a1969be9916dad548f3c084331c4450b5,48,48,32385889169961086092,30073413,1,1183193,30073413,35582651747709
0x4bda7655df4d4e35980a355d84b6d70e10c644648114545a7384c2e6cd7c0315,1766280431,0xc7f884c6,0x59866ec5650e9ba00c51f6d681762b48b0ada3de,7,7,19290536872925106467,23520920,1,1220818,23520920,28714762512560
0xafb54803076eb078894572bca0d4fbf947d688eedb930096120ebfe76743498c,1766369723,0xc7f884c6,0x59866ec5650e9ba00c51f6d681762b48b0ada3de,7,7,20643139604670003978,24357541,1,1180104,24357541,28744431564264
0x0b556cfba3b6e3d3a616ea061777cbdeb1e5e2b2b138ab6c9d59fbb122d1846e,1766461451,0xc7f884c6,0x59866ec5650e9ba00c51f6d681762b48b0ada3de,7,7,21171023487736311946,24671438,1,1311002,24671438,32344304560876
0x382fbb83f23643fffab08548ffc0e4f7094be3150fba16402cf0e547dae1dd08,1766548895,0xc7f884c6,0x59866ec5650e9ba00c51f6d681762b48b0ada3de,7,7,21060841736580092755,25520608,1,1209288,25520608,30861765007104
0xc9eba928bc04fa02118235eacf72dad6cd5bf50c2a058ce27393019318aa6461,1766633171,0xc7f884c6,0x59866ec5650e9ba00c51f6d681762b48b0ada3de,7,7,20215606841615375738,25584246,1,1205048,25584246,30830244473808
0xb0e3c8d2bed8ff32db8caeff06ac60b56d8eeaa8eef6a1221900894788c5e2dc,1766713631,0xc7f884c6,0x59866ec5650e9ba00c51f6d681762b48b0ada3de,7,7,19314559016807353507,25090523,1,1212699,25090523,30427252151577
0x2cc313d090d54082ec1b4d3b0d23a42d8bc6733bd23d344cfb54df8110130568,1766798807,0xc7f884c6,0x59866ec5650e9ba00c51f6d681762b48b0ada3de,7,7,20240243926852247903,25939667,1,1190820,25939667,30889474256940
0xd21e8986f79e8a7d22acafaf09242ea9122e3df8ade36e665f7f00e64cf8fe6c,1766243435,0xc7f884c6,0x59866ec5650e9ba00c51f6d681762b48b0ada3de,8,8,19291011172494990580,24830435,1,1244596,24830435,30903860079260
0x9cb66fea620f3ee858edc6e8230d89deebee6d4d952435902d5e3edd916c202f,1766351555,0xc7f884c6,0x59866ec5650e9ba00c51f6d681762b48b0ada3de,8,8,19831324418786656559,23778767,1,1203449,23778767,28616533367383
0x85f5d442c3d7b2b7f687bad90ced786a129daa24badbef5172e22d22ba360707,1766461523,0xc7f884c6,0x59866ec5650e9ba00c51f6d681762b48b0ada3de,8,8,20866482132489672626,24315483,1,1311010,24315483,31877841367830
0x208819cdf741244ecc81e78249bf79f3486373eef73021cde2720d52b15e3995,1766577215,0xc7f884c6,0x59866ec5650e9ba00c51f6d681762b48b0ada3de,8,8,22662251340214147693,27438217,1,1220024,27438217,33475283257208
0x871840d5e02ce08c6aa56a75f808c75874ed80f8e292ec5670a5a91e53b37bb6,1766682479,0xc7f884c6,0x59866ec5650e9ba00c51f6d681762b48b0ada3de,8,8,20681997961828523384,24938112,1,1302974,24938112,32493711545088
0x986e48d34ead3fb0c2ed1c4282387b3ef9f0b614abfc2feac78b7fe8a5af50e9,1766793419,0xc7f884c6,0x59866ec5650e9ba00c51f6d681762b48b0ada3de,8,8,21493194194605449319,25349295,1,1303257,25349295,33036646153815
0xa59a96a160408f2b49e7a5734180c8f2c31b162462acf270f74e9686e25151a1,1766275103,0xc7f884c6,0x3cf54f3a1969be9916dad548f3c084331c4450b5,37,37,25732391783950324911,23177842,1,1134621,23177842,26298066267882
0x2bae1753f43c5073762cfd197d97557834d5c6ea9ec30513b2ab22d2b04fca2f,1766432591,0xc7f884c6,0x3cf54f3a1969be9916dad548f3c084331c4450b5,37,37,29498766089703859374,25237381,1,1433527,25237381,36178467072787
0x76deeebef1a687ba51db604c346753f96e50c8ef041f220ffc22dca92a255eac,1766579615,0xc7f884c6,0x3cf54f3a1969be9916dad548f3c084331c4450b5,37,37,27628676290729198370,26260484,1,1330018,26260484,34926916408712
0xc18f6c3790220898b548d9ea3eb9e09e74be09b0cfb219e160f95c42d108b5b1,1766710763,0xc7f884c6,0x3cf54f3a1969be9916dad548f3c084331c4450b5,37,37,25765779567088469615,24563813,1,1300789,24563813,31952337748457
0xa490c58a0863931930d22fb7dd9435cd0b8470fed7cae8cb689ed71e76107ed9,1766326787,0xc7f884c6,0x3cf54f3a1969be9916dad548f3c084331c4450b5,39,39,27712668641179937481,25034551,1,1241779,25034551,31087379706229
0x367296f22b94b0349de27cf27644b5c89bb95dfdb2638e3469aa81d2119df883,1766468987,0xc7f884c6,0x3cf54f3a1969be9916dad548f3c084331c4450b5,39,39,26553435145319718783,24508214,1,1325863,24508214,32494534138682
0xba7c78e27121a5c8f7c76533ea88147380439e83f79de19b08d172d09c9823e2,1766598719,0xc7f884c6,0x3cf54f3a1969be9916dad548f3c084331c4450b5,39,39,24090359653473150060,24487880,1,1215335,24487880,29760977639800
0x03d5a1aa2b4c336c50f4226680d6b155cbb72a7bd9dab0b3505c897774addea7,1766767331,0xc7f884c6,0x3cf54f3a1969be9916dad548f3c084331c4450b5,39,39,32141087800552873214,29846092,1,1334569,29846092,39831669154348
0x8a7ada103bf45be948f6b1d102d0be83e7e1c1348b08b763b7976a2c352285aa,1766482055,0xc7f884c6,0x59866ec5650e9ba00c51f6d681762b48b0ada3de,14,14,20722255529344467165,25217267,1,1212860,25217267,30585014453620
0x1a66dbb2d800ea4860abca4f13cb7b6fb7da25001f0f0e7943a3c5ef1dc18a40,1766531699,0xc7f884c6,0x3cf54f3a1969be9916dad548f3c084331c4450b5,64,64,25608000956951114718,23200977,1,1208036,23200977,28027615451172
0x6f4835eadd67d94619861966eb9b3aac24e63698a56e3cafe70bc905cc54865f,1766690279,0xc7f884c6,0x3cf54f3a1969be9916dad548f3c084331c4450b5,3,3,23546309560800054561,21858605,1,1367773,21858605,29897609736665
0x71909290adaf0acd9874de2a4a85ae620f55746162acdb6d62087ed332e4e55b,1766804027,0xc7f884c6,0x59866ec5650e9ba00c51f6d681762b48b0ada3de,11,11,18992537081914146922,24941189,1,1186747,24941189,29598881222183
